id,first_name,last_name,address,souscription_date
1,Ulick,Cattenach,33299 Hoepker Terrace,3/29/2022
2,Reinhold,Aaronsohn,73 Crescent Oaks Terrace,7/20/2022
3,Moise,Lowell,985 Mallory Center,11/1/2021
4,Dore,Parman,22710 Tennyson Road,5/30/2022
5,Quincey,Domini,2781 Elka Avenue,7/31/2021
6,Joyce,Lendrem,8 Nevada Drive,6/26/2022
7,Tommy,Yeo,97024 Summit Center,2/6/2022
8,Orbadiah,Benton,97617 Westerfield Court,1/6/2020
9,Renate,Roller,098 North Parkway,11/4/2020
10,Munroe,Arndell,6 Grayhawk Road,9/29/2020
11,Rochette,Dendle,38 Paget Center,6/11/2020
12,Bee,Scott,99 Trailsway Road,11/14/2022
13,Delainey,Shackelton,44376 Maryland Avenue,6/3/2020
14,Robena,Turmel,2 Warbler Way,7/16/2021
15,Marcel,Morilla,27327 Waywood Avenue,6/11/2022
16,Marcellus,Leadbeater,7 Kinsman Place,3/8/2022
17,Shana,Helliker,77 Summer Ridge Plaza,10/7/2021
18,Revkah,Gowrie,0847 Grasskamp Circle,2/3/2022
19,Sol,Macauley,47065 Pawling Lane,8/4/2019
20,Damara,Binks,33426 Valley Edge Terrace,6/29/2019
21,Allianora,Hallwell,61510 Waxwing Junction,11/22/2021
22,Silvain,Birnie,58203 Donald Park,11/20/2020
23,Kev,Pughe,6 Trailsway Lane,8/27/2020
24,Jeane,Dowdney,86 Sunfield Hill,5/12/2022
25,Nicolea,Sancroft,0 Sommers Road,2/4/2022
26,Leonard,Menico,5 Brentwood Lane,1/8/2022
27,Ev,Kinnar,54749 Spohn Parkway,1/15/2021
28,Gertrude,Quoit,31 Anthes Drive,2/4/2022
29,Clem,Mapples,434 Westend Circle,1/14/2020
30,Charisse,Degue,47224 Bashford Parkway,12/4/2019
31,Teodor,Stepney,98161 Namekagon Point,1/26/2022
32,Nevil,Cotterrill,0 Carberry Crossing,11/3/2021
33,Andrej,Wiffill,3744 Farwell Court,2/3/2020
34,Brennen,Quayle,187 Eastwood Court,3/18/2019
35,Corinna,Gartside,2086 Lyons Parkway,8/8/2020
36,Sayres,Botley,734 Cherokee Alley,12/22/2019
37,Fayette,Harrild,7 Lakewood Drive,12/27/2019
38,Peterus,Burgess,1 Basil Crossing,10/3/2020
39,Zach,Keeling,799 Canary Junction,3/23/2021
40,Shirleen,Kalewe,6688 Glacier Hill Hill,11/8/2021
41,Nanine,Alen,3 Pine View Plaza,4/8/2021
42,Deb,Brosi,7919 Dayton Avenue,2/25/2022
43,Earl,Steer,3729 Maple Wood Circle,11/23/2022
44,Jennette,Aggis,4 Forster Point,6/23/2021
45,Nelie,Jackman,227 Bultman Drive,12/27/2021
46,Minetta,Sillett,5 Golf Course Park,8/5/2019
47,Kip,Nixon,83 Hagan Way,7/21/2022
48,Rosy,Fortune,7684 Mesta Trail,10/1/2021
49,Osbourn,Catterick,0 4th Pass,9/4/2020
50,Casandra,Mettricke,19273 Hudson Drive,12/19/2019
51,Zena,Mufford,23468 Ilene Junction,10/24/2022
52,Art,Colombier,159 Stone Corner Junction,4/27/2021
53,Brunhilda,Redmore,36 East Parkway,9/17/2020
54,Adham,McCaskell,9 Bashford Crossing,7/17/2020
55,Killian,Damrel,6 Upham Pass,3/9/2020
56,Woodie,Hallybone,804 Bellgrove Court,4/30/2022
57,Papageno,Musla,19160 Porter Plaza,4/25/2020
58,Jodi,Stoving,64846 Corry Parkway,10/19/2021
59,Fransisco,Batty,65 Kenwood Plaza,3/4/2022
60,Bebe,Dubs,73 Erie Center,5/30/2020
61,Shelia,Dickens,3477 Forest Alley,7/12/2019
62,Parker,Delicate,74995 Maywood Park,12/16/2019
63,Cheryl,Gersam,06680 Dahle Circle,9/10/2021
64,Harmonia,Halkyard,5 Parkside Crossing,5/11/2019
65,Seka,Vasyatkin,476 Ryan Point,12/11/2018
66,Brod,Linnock,3 Pawling Junction,5/2/2021
67,Chev,Gittins,06324 Old Shore Way,2/9/2020
68,Kacy,Caskey,40 Service Plaza,7/3/2020
69,Noelyn,Tupp,9 Melvin Place,5/12/2022
70,Kenneth,Mace,2129 Havey Parkway,9/19/2021
71,Trixie,Douglas,4080 Ryan Terrace,2/17/2020
72,Marje,Micklewicz,46818 Mayfield Crossing,4/22/2022
73,Clayborn,O'Nions,68 Debra Crossing,11/18/2020
74,Brade,Mushet,0614 Trailsway Center,9/22/2019
75,Orelee,Neesam,68 Almo Crossing,11/15/2020
76,Freda,Burkwood,46245 Transport Center,8/9/2019
77,Kittie,Shallow,5 Rockefeller Center,5/28/2019
78,Valentia,Tumasian,54446 Northland Circle,11/12/2021
79,Teddie,Aubry,845 Little Fleur Pass,6/6/2022
80,Diane,McKnish,814 David Alley,5/21/2022
81,Inger,Themann,43 Londonderry Crossing,6/6/2019
82,Glen,Fideler,37 Summit Street,10/26/2019
83,Aguste,Chancellor,519 Clove Place,2/2/2022
84,Mose,Huish,93556 4th Circle,9/2/2021
85,Arleta,McGillacoell,1512 Cordelia Alley,8/31/2022
86,Nancey,Cops,3058 Merchant Way,2/10/2021
87,Alma,Baynton,3 Farwell Junction,2/22/2021
88,Patti,Armatage,52 Old Gate Terrace,2/7/2021
89,Idell,Hellier,47 Victoria Center,7/14/2021
90,Auguste,Kemshell,17 Eastlawn Avenue,8/7/2020
91,Kylie,Littlewood,110 Gerald Terrace,7/3/2021
92,Brunhilde,Latty,51479 Texas Place,9/12/2019
93,Elene,Keets,563 Bartelt Road,3/22/2022
94,Thomasine,Wager,34 Dixon Crossing,12/2/2021
95,Millard,Malone,14279 Anhalt Terrace,2/20/2020
96,Booth,Boother,21951 Morrow Street,12/23/2021
97,Karie,Goulbourne,2268 Forest Run Drive,7/27/2019
98,Noelani,Aronovich,0 Esch Center,11/3/2021
99,Putnem,Ughi,3 Thierer Park,1/12/2020
100,Jacquenette,Vasyutkin,185 Autumn Leaf Avenue,11/10/2021
101,Marietta,Vivien,535 Veith Hill,8/24/2021
102,Faustina,Pena,67264 Anzinger Road,4/15/2021
103,Corenda,Megany,27 Park Meadow Junction,9/18/2019
104,Peggi,Essame,3087 Scoville Circle,12/26/2019
105,Cornell,Pautot,55679 Morrow Street,4/3/2020
106,Astrix,Upson,54658 Crescent Oaks Way,7/9/2020
107,Shayla,Elloit,3 Merrick Crossing,2/14/2020
108,Devondra,Slark,90857 Pine View Junction,8/7/2021
109,Kylie,Chappell,9173 Green Terrace,7/19/2020
110,Daile,McVitty,907 Mayer Court,11/10/2021
111,Reinaldo,Hunnawill,91898 Heffernan Crossing,9/16/2021
112,Nickolaus,De Clairmont,874 Lake View Circle,2/3/2020
113,Christos,Leahey,534 Tennessee Center,12/17/2018
114,Sarina,Di Giacomo,2 Farmco Drive,2/26/2020
115,Cointon,Boutwell,81548 Judy Park,4/11/2022
116,Drud,Androli,95989 Drewry Hill,1/17/2019
117,Andy,Fendlow,2 Green Ridge Trail,10/8/2019
118,Sondra,Glayzer,02693 Milwaukee Place,7/29/2020
119,Danica,Hartford,5 Melvin Circle,11/8/2020
120,Maison,Phillcock,2 Fairfield Junction,11/12/2019
121,Erinna,Cotterel,504 Meadow Valley Junction,8/6/2021
122,Kaitlynn,Longhi,33964 Declaration Parkway,7/31/2022
123,Shelbi,Roderham,14 Butterfield Park,2/12/2020
124,Herminia,Tillot,2839 Sloan Center,1/7/2019
125,Raine,Bellord,4 Roxbury Terrace,2/22/2021
126,Tomasina,Eley,76 Graceland Street,3/23/2021
127,Orelle,Jacob,6417 Sloan Parkway,5/21/2019
128,Tiffie,Petrik,1 Scoville Road,10/3/2021
129,Nina,Digman,80 Di Loreto Way,11/26/2021
130,Carla,Drynan,13 Fieldstone Drive,5/4/2020
131,Giavani,Bolt,97 Morrow Crossing,2/1/2020
132,Charmane,Schuh,04750 Barby Crossing,9/13/2019
133,Elton,Joynson,80 Center Parkway,5/31/2020
134,Meryl,Drayson,35 Arizona Plaza,10/2/2019
135,Maren,Streetfield,960 Lakewood Gardens Center,11/25/2019
136,Efren,Routhorn,36 Vahlen Drive,8/18/2022
137,Danna,Wix,05732 Hoepker Center,3/11/2021
138,Wandie,Hauxwell,55807 Merrick Trail,4/22/2020
139,Giacobo,Ing,1 Huxley Center,2/13/2020
140,Berny,Dyton,676 Jana Plaza,5/20/2022
141,Reese,Sadlier,47880 Prairieview Way,4/12/2019
142,Wayland,McGawn,12328 Blackbird Street,2/17/2020
143,Jacklin,Ambrosio,9 Old Gate Park,8/29/2020
144,Elita,Hegdonne,3 Hanover Way,7/4/2020
145,Shel,Schreurs,3369 Village Green Drive,1/5/2022
146,Charil,Goose,94 Crowley Circle,10/28/2020
147,Wynn,Gowans,4 Clyde Gallagher Hill,10/21/2021
148,Johna,Laughlin,7655 Superior Park,11/18/2021
149,Harlie,Arlt,86 Green Center,9/4/2019
150,Marjory,Antosch,43 Cottonwood Parkway,8/3/2020
151,Cesaro,Breton,67494 Glacier Hill Trail,10/27/2020
152,Burch,Agass,6857 Namekagon Place,12/5/2020
153,Sheppard,Reardon,9058 Daystar Plaza,2/24/2022
154,Walther,Colliber,764 Muir Hill,11/16/2020
155,Hasheem,Collymore,5 Pankratz Terrace,1/1/2020
156,Nefen,Quail,071 Rockefeller Lane,3/15/2022
157,Duff,Flaxon,22 Algoma Road,1/26/2021
158,Nolly,Peacocke,1 Talmadge Hill,10/13/2022
159,Carolynn,Breadon,206 Fisk Trail,8/21/2021
160,Tess,Lotterington,45706 Hooker Hill,8/15/2019
161,Richie,Duckerin,2 Crowley Avenue,11/23/2019
162,Alison,Iliff,4168 Logan Drive,1/21/2021
163,Boigie,Doge,08 Weeping Birch Parkway,6/28/2020
164,Aloin,Tokell,39 Dexter Pass,6/22/2019
165,Nikita,Ibeson,55213 Ridgeview Center,5/9/2021
166,Elinor,Dible,783 Lakewood Place,10/14/2022
167,Dunstan,Lamburn,87 Marquette Park,7/22/2019
168,Darrelle,Depport,6 Hooker Hill,10/18/2021
169,Hyatt,Paddock,33353 Marcy Pass,4/5/2019
170,Rennie,Leyborne,1737 Gina Lane,5/21/2019
171,Cassi,Heatlie,197 Moulton Place,1/8/2021
172,Abbey,Bracknall,93 Weeping Birch Hill,4/4/2022
173,Gennie,Gini,1369 Forest Terrace,6/12/2020
174,Leland,Lismer,4033 Laurel Lane,9/9/2021
175,Roosevelt,Peer,173 Anthes Way,5/13/2021
176,Ardeen,Corain,8759 Butternut Pass,5/1/2022
177,Atlante,Matveyev,9 Muir Circle,5/23/2022
178,Jennette,De Matteis,65 Armistice Circle,8/14/2020
179,Valeda,Maureen,8 Ronald Regan Pass,4/30/2020
180,Rachael,McNulty,1325 Mendota Place,6/2/2019
181,Nadeen,Fairbard,1586 Esch Center,12/7/2019
182,Standford,Wreak,3941 Brentwood Center,4/30/2022
183,Orton,Diperaus,43 Hanson Park,10/23/2021
184,Bernadine,Benion,4297 Trailsway Lane,6/14/2022
185,Kendall,Hagart,9 Spaight Hill,9/11/2019
186,Dirk,Leagas,7 Arizona Place,7/12/2022
187,Heriberto,Brunsen,54 Fisk Alley,5/9/2021
188,Zerk,Presslee,122 Cardinal Lane,4/5/2019
189,Teresa,Marques,4 Lakewood Gardens Center,7/26/2019
190,Raul,Upson,2 Fieldstone Alley,12/29/2018
191,Randie,Claisse,1006 Vahlen Point,3/20/2022
192,Odille,Baswall,72259 Porter Circle,10/29/2019
193,Barnaby,Ablitt,3962 Luster Pass,4/10/2022
194,Johny,Hek,614 Eagan Parkway,2/18/2022
195,Anabel,Shawel,7676 Sutherland Street,1/24/2020
196,Jonell,Klimkiewich,6599 Scofield Crossing,7/4/2019
197,Irv,Estabrook,82 Lerdahl Parkway,1/27/2022
198,Weber,Bottell,1 Jackson Circle,11/21/2021
199,Allissa,Maffey,30235 Pine View Alley,2/16/2022
200,Leontine,Rarity,6 Green Ridge Drive,10/31/2020
201,Tracee,Tunny,3 Holmberg Plaza,4/20/2019
202,Nevins,Laydel,02059 Green Ridge Place,11/13/2020
203,Jermaine,MacInnes,3596 Prairieview Circle,7/2/2021
204,Mariann,Stuckford,4 Dahle Road,7/30/2021
205,Leontine,Quinsee,9238 Hagan Junction,1/23/2021
206,Hedwig,Rozenzweig,02 Vera Drive,7/9/2019
207,Lee,Eseler,455 Luster Hill,11/18/2019
208,Shelley,Pickrell,95396 Ohio Road,8/16/2021
209,Bruce,Reinhardt,39 Prairie Rose Alley,12/25/2020
210,Eliza,Kinnaird,3149 Lakewood Court,2/19/2020
211,Codee,Ouchterlony,666 Mccormick Road,5/15/2021
212,Trudy,Yaknov,759 Algoma Way,4/8/2022
213,Vickie,Evemy,886 Old Gate Street,12/27/2019
214,Patrick,Janczewski,7 Pepper Wood Terrace,7/10/2019
215,Wes,Sainthill,9478 Butterfield Avenue,8/19/2021
216,Brunhilda,Skates,218 Cardinal Road,11/3/2021
217,Rice,Hodcroft,9 Sutteridge Avenue,9/26/2022
218,Alisun,Overpool,2 Corben Avenue,3/6/2019
219,Natalee,Blanchard,6 Sullivan Trail,12/21/2020
220,Brittany,Krammer,77 Mallory Pass,3/24/2020
221,Brandy,Scorey,687 Schlimgen Parkway,12/24/2020
222,Jewelle,Lazonby,53 4th Court,11/26/2020
223,Cyndi,Breit,903 Reinke Drive,11/3/2020
224,Patton,Peacham,78158 Grover Parkway,3/1/2022
225,Crosby,MacFadin,0488 Ryan Road,1/25/2020
226,Corly,Poag,294 Calypso Crossing,4/17/2019
227,Zachery,Megany,0383 Northview Court,2/14/2020
228,Eleonore,Reeveley,182 Riverside Junction,6/3/2020
229,Salim,Haime,73 Village Green Trail,3/11/2022
230,Gleda,Lough,9 Burrows Plaza,9/13/2019
231,Brinn,Syncke,1 Morrow Court,8/4/2022
232,Ainsley,Higgoe,359 Brown Crossing,7/17/2021
233,Sig,Aronovich,101 Maryland Avenue,2/5/2019
234,Priscilla,Guillond,54 5th Crossing,7/26/2021
235,Lorain,Lillgard,0045 Coolidge Alley,9/23/2019
236,Britte,Raynham,53380 Sunnyside Plaza,5/1/2020
237,Evelyn,Zukierman,590 Londonderry Pass,5/23/2022
238,Webb,Gaythorpe,364 Moose Place,8/15/2019
239,Ed,Bate,92957 Glendale Way,12/7/2021
240,Enrico,Conkie,5604 Mariners Cove Trail,6/3/2019
241,Jodi,Melato,47 Orin Terrace,1/22/2020
242,Augie,Rockwell,5 Veith Circle,2/1/2020
243,Melly,Mogie,5316 Quincy Parkway,12/30/2021
244,Ellswerth,Longmate,18483 Kensington Lane,4/12/2019
245,Car,Broadbent,707 Gateway Park,5/13/2020
246,Celestyna,Liddon,13 Di Loreto Place,7/3/2020
247,Horacio,Schimonek,4852 Red Cloud Trail,10/30/2020
248,Jyoti,Bangs,52381 Sachs Drive,9/20/2020
249,Brynn,Crowe,12031 Lighthouse Bay Street,5/14/2021
250,Laetitia,Kinde,87 Sloan Park,6/23/2021
251,Lydia,Haseman,0 Starling Terrace,2/21/2021
252,Dall,Sodor,72 Mandrake Street,2/24/2019
253,Heywood,Aloway,64149 Valley Edge Pass,3/1/2021
254,Ginger,Spitell,2 Clemons Place,9/11/2019
255,Tallie,Knapp,333 Thierer Way,7/20/2022
256,Loutitia,Bedbrough,27704 Chinook Street,1/13/2020
257,Bernardina,Lavielle,3850 Straubel Hill,7/22/2021
258,Dicky,Chazier,65 Crownhardt Center,11/3/2021
259,Guthrie,Preskett,49652 Schmedeman Lane,6/1/2020
260,Sophronia,Hagwood,39289 Londonderry Park,9/6/2022
261,Sara-ann,Fontin,9 Hazelcrest Park,6/16/2020
262,Stephani,Slayny,35961 Cambridge Plaza,5/27/2021
263,Carol-jean,Brigstock,5 Buena Vista Place,12/25/2018
264,Tannie,MacDonogh,352 Monterey Court,9/8/2022
265,Conant,Oneal,42 Acker Park,2/9/2020
266,Miner,Whittaker,60 Comanche Place,10/9/2019
267,Tarrah,Kubin,99643 Thackeray Pass,7/10/2022
268,Nichole,Pinchon,72467 Pierstorff Lane,11/8/2022
269,Madelina,Rijkeseis,369 Mosinee Avenue,12/29/2018
270,Sarette,Dugood,5 Jana Park,12/7/2018
271,Rockey,Senyard,33 Sheridan Circle,8/28/2020
272,Ruperta,Barrass,01750 Crowley Plaza,5/1/2022
273,Gabie,Chatenier,45381 Autumn Leaf Drive,4/25/2022
274,Angel,Cranton,04613 Calypso Lane,11/11/2020
275,Cassi,Goggan,82 Hoffman Point,6/30/2021
276,Esther,Islip,16786 Bayside Lane,2/26/2020
277,Junie,Dunford,70792 Old Shore Point,6/10/2022
278,Pia,Cansdill,9686 Kennedy Lane,3/18/2021
279,Albie,Serrier,83 Carpenter Street,1/14/2022
280,Jack,Summerrell,57633 Johnson Plaza,10/5/2022
281,Benny,Greenslade,12 Chive Hill,5/22/2022
282,Kendra,Longstaffe,2032 Homewood Park,10/20/2020
283,Roxanne,Georgeson,40 Pawling Drive,4/22/2021
284,Celinka,Freddi,6 Ruskin Lane,3/24/2021
285,Vito,Matisse,05 David Avenue,5/30/2021
286,Robbie,Wildgoose,3 2nd Place,3/15/2021
287,Jordan,Corah,65 Claremont Circle,10/15/2020
288,Maurise,Woolward,9 2nd Hill,10/12/2019
289,Alayne,Hunnawill,8745 Lunder Junction,6/21/2022
290,Averill,Cleve,02 Bonner Plaza,11/10/2019
291,Fritz,Fursland,2510 Clemons Terrace,8/18/2019
292,Anders,Toothill,48 Cordelia Lane,1/20/2020
293,Joshia,Boughtflower,519 Iowa Road,8/19/2022
294,Micky,Stenner,2681 Stuart Circle,11/23/2021
295,Elia,Kingsnode,954 Harper Trail,8/10/2021
296,Ammamaria,Ceci,179 Schiller Hill,1/7/2019
297,Rickie,Heading,090 Fordem Road,6/16/2022
298,Gonzales,Giacomini,88 Ramsey Court,3/31/2019
299,Mack,Gerson,40742 Texas Pass,9/12/2020
300,Quintina,Lipyeat,91 Redwing Trail,3/28/2020
301,Addi,Nodin,44328 Delladonna Court,10/21/2020
302,Caldwell,Riehm,545 Badeau Point,2/19/2022
303,Joyann,Huggin,39 Oak Park,11/17/2022
304,Robby,Paulot,0 Ludington Junction,12/8/2019
305,Aidan,Cosyns,964 Holy Cross Trail,6/1/2020
306,Godfry,Capeloff,39790 Farragut Point,5/7/2019
307,Harlie,Withrington,51371 Holy Cross Road,12/10/2020
308,Ermina,Cayford,0527 Esch Terrace,1/28/2022
309,Moria,Norris,1383 Waubesa Alley,10/23/2019
310,Janna,Vanns,98 Morning Center,9/29/2019
311,Marcellina,Pringell,308 Crownhardt Street,1/26/2019
312,Desi,Barstow,773 Portage Park,8/14/2020
313,Brodie,Hazelden,07 Homewood Way,2/28/2020
314,Flem,Atmore,4340 Glendale Plaza,5/2/2021
315,Roz,Train,26 Sommers Drive,1/9/2019
316,Nancy,Feore,1 Barnett Parkway,4/11/2022
317,Manya,Trewman,75 Dahle Drive,12/7/2019
318,Ardisj,Belvard,84 Truax Crossing,4/1/2020
319,Ursuline,Eastup,5374 Melody Hill,11/29/2018
320,Leupold,Rodgerson,85 Hoffman Hill,2/22/2020
321,Hunt,Rontree,4169 Caliangt Point,7/12/2020
322,Lissi,Rule,35 Independence Crossing,1/10/2020
323,Gib,Croce,6249 Manufacturers Lane,10/13/2019
324,Guillaume,Mustchin,044 Bellgrove Point,5/16/2019
325,Isa,Hanselmann,866 Oak Valley Parkway,10/31/2021
326,Hermina,Menco,85954 Delaware Alley,7/31/2022
327,Charil,Norcott,5 Hagan Way,12/27/2018
328,Alvis,Buckles,7816 Holy Cross Way,5/16/2019
329,Marline,Noriega,71 Saint Paul Terrace,9/23/2022
330,Jefferson,MacCaughey,932 Washington Way,7/3/2022
331,Martainn,Larmuth,2334 Logan Circle,7/24/2020
332,Kort,Fery,8 Mariners Cove Park,10/3/2022
333,Dyana,Carnie,0 Thompson Pass,8/21/2021
334,Felicdad,Pegden,7915 Menomonie Road,11/23/2021
335,Hagan,Kirkbright,5110 Pawling Road,12/3/2019
336,Jereme,Bewicke,52649 Fremont Crossing,9/2/2021
337,Conway,Vivyan,6 Buell Crossing,11/24/2018
338,Lacy,Glyssanne,68 Columbus Hill,10/7/2019
339,Diena,Golbourn,2285 Schurz Place,7/15/2022
340,Blakelee,Weatherburn,5435 Bashford Park,2/25/2021
341,Chloette,MacConnechie,7195 Schurz Circle,1/23/2019
342,Devland,Bomfield,16 Veith Place,5/18/2020
343,Murdoch,Ryall,5 Corry Plaza,5/13/2022
344,Rosie,Hicklingbottom,14682 Browning Center,7/23/2019
345,Fan,Filliskirk,165 Sommers Park,5/29/2020
346,Zena,Wapples,2700 Ryan Center,8/6/2019
347,Adan,Jory,056 Columbus Crossing,3/30/2021
348,Hope,Oiseau,991 Continental Crossing,7/18/2020
349,Jesse,Chaudron,84 Springs Crossing,2/8/2022
350,Cassandry,Andrewartha,46 Golf Course Parkway,11/12/2020
351,Dietrich,Measey,3863 Portage Junction,9/20/2021
352,Walt,Lemasney,4 Arrowood Crossing,10/2/2019
353,Lem,Sandry,9 Dahle Place,12/24/2019
354,Humphrey,Kiley,409 High Crossing Hill,11/7/2019
355,Hermione,Muris,6 Tomscot Lane,4/10/2019
356,Lyell,Stadding,5 Schmedeman Place,3/29/2022
357,Sancho,Standbrooke,23 Nancy Plaza,11/5/2022
358,Constantin,Bondley,5390 Autumn Leaf Lane,11/15/2020
359,Cheslie,Squire,07 Erie Crossing,2/12/2021
360,Arty,Flecknell,9360 Sachtjen Lane,7/6/2020
361,Glen,Teese,1 Ruskin Crossing,6/2/2021
362,Lon,Eudall,862 Del Sol Alley,6/5/2020
363,Tammy,Roselli,4 John Wall Park,9/23/2021
364,Sherman,Woollin,29 La Follette Street,12/3/2018
365,Murdock,Freestone,5 Mallory Place,10/29/2019
366,Myriam,Kubat,8 Hanson Street,8/13/2019
367,Corey,MacShirie,3 Almo Junction,3/21/2021
368,Allyn,Shanahan,67 Vernon Parkway,10/25/2021
369,Nonnah,Alejandri,9 Armistice Avenue,1/29/2021
370,Ernestus,Kenderdine,67 Gerald Way,2/11/2020
371,Carline,Lattos,316 American Ash Drive,8/20/2019
372,Evita,Gaines,750 Colorado Point,12/7/2018
373,Chariot,Gaenor,694 Forest Dale Place,12/28/2018
374,Jacinthe,Souter,43187 Charing Cross Road,5/12/2021
375,Wayne,Jacob,39533 Crownhardt Center,5/12/2019
376,Rori,Noore,30000 Roth Plaza,1/11/2022
377,Izak,MacVean,06297 Fuller Drive,1/12/2022
378,Sean,Davitashvili,74 Rutledge Street,4/16/2020
379,Virgina,Bernardino,5069 Corry Plaza,10/6/2021
380,Sven,Voaden,8998 Algoma Drive,3/9/2021
381,Gratia,Dallicoat,1699 Sherman Terrace,10/27/2021
382,Ulrikaumeko,Keoghan,3927 Schmedeman Place,11/25/2018
383,Efrem,Bosher,1801 Village Green Avenue,9/13/2022
384,Lona,Darcey,88705 Kropf Pass,5/16/2022
385,Sloane,Buttner,8 Westport Plaza,4/29/2020
386,Loralee,Winchcombe,65777 Dexter Place,7/11/2021
387,Lolita,Eefting,8304 Esker Center,5/15/2022
388,Whitney,McGuffog,2206 Monica Street,7/8/2020
389,Annissa,Stidever,6 Gateway Circle,4/16/2022
390,Thekla,Barkway,89796 Cody Avenue,4/17/2021
391,Gwenni,Scheffel,93862 Mayer Junction,10/1/2019
392,Aubert,Feild,2961 Randy Trail,10/10/2021
393,Waring,Pickin,879 Northview Alley,12/4/2018
394,Lucky,Polamontayne,84 Anzinger Place,8/21/2019
395,Der,Phant,2300 Ridgeway Crossing,7/27/2019
396,Malinda,Grancher,51247 Monument Lane,3/8/2019
397,Stefa,Fynan,0103 2nd Place,5/3/2020
398,Sammy,Pischel,6364 Schmedeman Hill,5/6/2021
399,Ogden,Cornillot,57 Shopko Street,11/23/2020
400,Alleyn,Issit,00326 Talisman Hill,5/29/2019
401,Pedro,Copcutt,73152 Oriole Street,9/18/2021
402,Adrianna,Parnaby,11 Burning Wood Center,5/1/2021
403,Mikkel,Matchett,89706 Crescent Oaks Road,11/21/2018
404,Marmaduke,Windress,8262 Loeprich Terrace,1/3/2020
405,Annadiana,Mingotti,6011 Westend Street,12/9/2019
406,Randie,Campelli,6122 Loeprich Terrace,10/14/2019
407,Donnamarie,Karlik,60 Golf View Drive,7/8/2020
408,Court,Alchin,84 Eastlawn Parkway,2/3/2022
409,Leelah,Castells,31061 Erie Alley,3/17/2020
410,Karalee,Fairlem,9502 Maple Road,12/27/2021
411,Xylina,Seagood,96961 Corscot Drive,12/21/2021
412,Ronnie,Coudray,2338 Karstens Court,8/30/2022
413,Gamaliel,Toffetto,6725 Mallory Center,10/15/2020
414,Cherin,Thomton,5 Merry Junction,6/18/2019
415,Franchot,Fullick,87339 Express Parkway,6/19/2021
416,Aidan,Pippin,69 Daystar Road,10/29/2021
417,Milt,Roots,972 Oneill Lane,11/20/2021
418,Dal,Richarson,7 Aberg Pass,1/30/2019
419,Ann,Barry,02944 Fulton Junction,11/6/2019
420,Farly,Clements,156 Lakewood Gardens Place,6/23/2019
421,Olva,Curbishley,20 Charing Cross Point,5/17/2022
422,Augustine,Worsom,80066 Hazelcrest Trail,10/25/2021
423,Arne,Leivesley,0612 Monterey Point,10/12/2021
424,Shell,Pyner,5 Cody Trail,2/9/2020
425,Marlene,Bramhill,5899 Fordem Alley,8/30/2019
426,Jannel,Dollin,7 Cardinal Plaza,6/20/2020
427,Aubert,Sanney,05 Havey Pass,8/21/2019
428,Karita,Wingham,5 Little Fleur Lane,1/8/2022
429,Dorelle,Munson,453 Hanover Alley,9/19/2020
430,Cacilie,Bradburne,0 Spaight Court,5/27/2020
431,Creight,Pally,72321 Katie Way,3/2/2021
432,Sib,Lanphere,46 Kedzie Parkway,3/6/2020
433,Consuela,Terbrug,231 Hoepker Hill,9/28/2019
434,Ailene,Wones,0 Kenwood Hill,1/14/2019
435,Josy,Ivens,4966 Johnson Court,12/8/2021
436,Cristi,Maling,6387 Corscot Parkway,1/3/2021
437,Elwood,Gosford,5426 Spohn Alley,8/5/2020
438,Venus,Deighan,4284 Novick Road,12/25/2019
439,Alane,Jobin,2436 Knutson Circle,5/24/2022
440,Peggie,Kennelly,85 Knutson Park,3/9/2021
441,West,Mongan,3 Parkside Court,4/25/2022
442,Belia,Kingsnorth,8369 Ryan Park,9/10/2020
443,Reidar,Avo,244 Bartillon Way,10/8/2019
444,Lamond,Narducci,1861 Elka Place,11/22/2022
445,Phillipp,Hurburt,34 Independence Place,2/7/2022
446,Opalina,Duley,10 Southridge Circle,8/18/2022
447,Farlee,Churchyard,51255 Beilfuss Trail,4/22/2019
448,Ronnica,Heffy,8804 Shelley Avenue,4/7/2020
449,Alexina,Wherrett,91 Lakeland Point,5/4/2022
450,Caroljean,Cornborough,28321 Ludington Circle,8/31/2019
451,Neda,Nickols,24765 Fordem Lane,11/27/2018
452,Loleta,Witherington,43 Elmside Park,2/7/2019
453,Felicle,Furmedge,16 Ramsey Plaza,9/2/2020
454,Saul,Tine,03 Bayside Court,8/13/2021
455,August,Tetsall,42 Melvin Court,2/17/2022
456,Caty,Croker,10 Bartillon Plaza,8/16/2021
457,Honoria,Baines,315 Carpenter Terrace,9/27/2021
458,Berk,Lintot,27 Briar Crest Court,12/17/2021
459,Denny,Rosenfelder,7222 Golf View Circle,1/3/2022
460,Arleen,Deards,772 Springview Crossing,1/11/2019
461,Codi,Roberti,44 Bunker Hill Hill,2/17/2021
462,Juan,Davidof,340 Commercial Avenue,11/16/2022
463,Manny,Prentice,688 Mesta Court,9/29/2019
464,Cyril,Rene,8 Fairview Plaza,7/3/2021
465,Armstrong,McCuish,826 Spohn Park,6/11/2022
466,Alan,Syme,3 Crowley Point,10/25/2021
467,Armando,Senogles,2 Rockefeller Avenue,8/16/2022
468,Mic,Royan,41566 Hanover Junction,7/7/2022
469,Ximenes,Bromell,1952 Dahle Drive,11/20/2022
470,Shaun,Blasing,63 Ohio Park,5/6/2022
471,Freddie,Niess,97 Mcguire Hill,11/8/2021
472,Beret,Headings,4 Crest Line Road,6/22/2019
473,Ashlin,Flegg,5407 Rockefeller Center,5/6/2021
474,Sydney,Couvet,11693 Burning Wood Pass,7/2/2019
475,Sig,Stiddard,8 Haas Way,3/13/2020
476,Wynn,Chipp,64 Arapahoe Terrace,10/17/2021
477,Ernie,Filipputti,65 Portage Hill,8/24/2022
478,Alanah,Ellerby,3 Chive Plaza,7/24/2022
479,Jenni,Rowlson,621 Northport Hill,11/15/2022
480,Pearce,Snalham,44312 Laurel Road,8/22/2021
481,Edlin,Klimke,03733 Forest Run Court,2/5/2021
482,Goran,Tesdale,22 Monument Avenue,1/4/2021
483,Dolly,Demelt,6768 Randy Way,3/18/2022
484,Judy,Fynes,441 Bartelt Trail,3/25/2022
485,Olympia,Fenich,70 Esch Center,11/7/2020
486,Locke,Guiden,16 International Plaza,7/27/2022
487,Armstrong,Mundie,70 Meadow Valley Trail,9/6/2020
488,Reginauld,Haliburton,1814 Huxley Court,9/11/2020
489,Carlie,Hallowes,08 Boyd Center,5/18/2020
490,Cleve,Thurlbeck,2122 Erie Alley,1/6/2022
491,Madelle,McHugh,2417 Dwight Center,1/7/2020
492,Nowell,Fairlaw,45418 Almo Avenue,4/10/2021
493,Marian,Trethewey,3 Dahle Terrace,2/1/2022
494,Zollie,Earey,38544 Mallard Crossing,4/23/2020
495,Anastassia,Southwood,113 Reindahl Parkway,3/10/2020
496,Page,Radbone,4 Summer Ridge Way,1/11/2020
497,Arnie,Treversh,20 Laurel Lane,6/2/2022
498,Grange,Berzon,3 Northridge Lane,10/28/2020
499,Duky,Clemmensen,88408 Evergreen Plaza,1/16/2019
500,Abeu,Gumbrell,58495 Lukken Hill,10/14/2019
501,Alexine,Levitt,189 Arkansas Drive,4/16/2020
502,Zerk,McCloch,884 Leroy Terrace,5/14/2022
503,Waldon,Gonet,909 Milwaukee Avenue,9/22/2022
504,Adolph,Gricks,7241 Ridgeview Avenue,2/1/2020
505,Mordecai,Ferry,79972 Esch Alley,3/20/2021
506,Lynne,Waterson,6374 Sherman Point,12/27/2020
507,Sergeant,Bonnier,30923 Armistice Plaza,10/7/2019
508,Helga,Huffadine,9321 Del Mar Park,5/28/2019
509,Janot,Reinisch,313 Dryden Way,9/29/2022
510,Philly,Crommett,6445 Service Parkway,3/11/2020
511,Cleve,Clubb,5 Moose Pass,4/26/2022
512,Billie,Bredes,92490 Johnson Crossing,4/27/2019
513,Reinaldos,Killiner,8565 Gateway Street,9/11/2021
514,Andrew,Popham,0807 Brown Street,5/16/2022
515,Odetta,Coughan,0 Grover Road,1/6/2021
516,Ilse,Betteridge,35035 Stephen Place,3/15/2021
517,Silvio,MacRedmond,2 Bashford Parkway,5/3/2019
518,Cyrille,Fuge,808 Cottonwood Point,2/10/2021
519,Althea,Jouaneton,258 Nancy Crossing,11/13/2022
520,Ilaire,Culter,65 Corscot Junction,4/10/2021
521,Kennett,Kaygill,29 Village Crossing,5/14/2021
522,Durante,Elcoux,51374 Manley Trail,10/10/2021
523,Waldemar,Swainger,075 Carioca Road,12/14/2019
524,Marchall,Mulbry,03027 Meadow Valley Street,6/29/2021
525,Francene,Guisot,90192 Ridge Oak Way,9/25/2022
526,Shanie,Hegdonne,2884 Gina Way,5/12/2021
527,Marji,Jancar,6556 Center Parkway,3/8/2022
528,Carrie,Perchard,9807 Kings Center,6/14/2019
529,Dougie,Lineen,64946 Kim Terrace,4/23/2019
530,Seumas,Moneypenny,6768 Graceland Place,4/24/2022
531,Odetta,Matcham,03 Dexter Crossing,12/17/2021
532,Wenona,Divis,97 Coleman Point,4/25/2019
533,Oran,Isaaksohn,90 Mesta Plaza,9/17/2021
534,Randa,Okenden,7177 Division Alley,9/15/2020
535,Hendrick,Kassidy,48049 Maywood Road,10/27/2020
536,Burlie,Vasovic,02892 Morning Court,7/19/2020
537,Vasily,Hardeman,4680 Fremont Place,7/19/2022
538,Elisha,St. Quintin,66 Moland Way,3/25/2019
539,Morgana,Rennebeck,24 Briar Crest Street,4/26/2021
540,Isidora,Fassam,762 Barby Alley,10/4/2020
541,Evin,Blakden,256 Basil Pass,11/12/2020
542,Corey,Streight,5892 Lukken Pass,2/16/2020
543,Colas,Dugmore,5345 5th Hill,2/16/2021
544,Cornie,Merrywether,05162 Valley Edge Point,4/7/2022
545,Brockie,Legat,131 South Pass,12/27/2018
546,Meghann,Myhan,265 Atwood Avenue,5/16/2021
547,Krisha,Penton,55414 Gina Circle,5/29/2022
548,Stacee,Jeakins,85 Michigan Plaza,7/29/2020
549,Lillian,Jaggar,4717 Alpine Avenue,2/24/2021
550,Fleurette,Wickie,4 Melrose Plaza,12/13/2021
551,Rene,Wellbeloved,4324 Mandrake Plaza,11/29/2021
552,Codi,Gulliford,8 Weeping Birch Plaza,12/8/2019
553,Orville,Jendas,1 Hovde Parkway,5/17/2021
554,Anissa,Scarce,9520 Bashford Parkway,8/18/2022
555,Jard,Volker,00 Gina Crossing,1/7/2020
556,Brina,Lubbock,3003 Green Court,12/18/2018
557,Mort,Hadwen,1 Miller Court,10/13/2020
558,Byrom,Beldom,62027 Eastwood Crossing,5/2/2021
559,Remy,Savary,5 Texas Crossing,11/7/2022
560,Matti,Chilvers,8 Dixon Road,8/20/2019
561,Julian,Jorn,20488 Reindahl Junction,8/12/2022
562,Ezra,Firbank,354 West Way,6/10/2021
563,Kinsley,Acuna,10649 Oak Valley Alley,10/8/2020
564,Laird,Mably,7 Sycamore Avenue,6/24/2020
565,Carole,Vaughn,19 Lotheville Pass,12/25/2019
566,Aarika,Furlonge,994 Jenifer Court,10/5/2019
567,Brnaby,Deluce,73259 Bunker Hill Street,3/17/2019
568,Arlen,Petrulis,4917 Hintze Lane,11/29/2022
569,Winifield,Polendine,8372 Lakeland Alley,7/15/2022
570,Taffy,Dickerline,35 Homewood Junction,3/3/2022
571,Zelda,Goshawke,6634 Thierer Street,8/8/2019
572,Paolo,Buff,8 Prentice Trail,7/10/2021
573,Artemus,Szimon,1 Butternut Street,5/18/2022
574,Madeline,Keers,609 Merrick Plaza,1/27/2020
575,Riva,Coiley,0407 Barnett Junction,7/15/2020
576,Benni,Crane,190 Victoria Hill,6/15/2020
577,Ralf,Raubenheimer,89563 Farragut Place,12/7/2020
578,Bertine,Debell,8 Arkansas Hill,1/8/2021
579,Brady,Langridge,14 Jana Drive,7/28/2021
580,Kirstyn,Hainning,8 Milwaukee Way,9/14/2019
581,Tristam,Cranmor,922 Birchwood Crossing,10/18/2019
582,Trenton,Pauncefort,9891 Corben Crossing,5/23/2019
583,Stevie,Corbishley,80879 Sycamore Court,11/27/2020
584,Brockie,Talloe,6591 Thierer Parkway,10/7/2021
585,Petra,Duester,50890 New Castle Pass,3/20/2019
586,Gilda,Storry,079 Ramsey Trail,6/11/2021
587,Arnold,Spowart,8 Declaration Parkway,6/11/2021
588,Lurlene,Sapey,4 Farmco Terrace,1/8/2022
589,Sauncho,Gatch,33277 Old Gate Court,9/29/2021
590,Ferrell,Pinchin,506 Ridge Oak Center,7/13/2020
591,Tamqrah,Vasilmanov,0 Park Meadow Avenue,3/13/2019
592,Rina,Harrowell,40 Jana Junction,2/28/2022
593,Kelly,Aubery,89 Hooker Parkway,2/1/2020
594,Blanca,Westcott,75 Darwin Crossing,9/6/2022
595,Felicia,Quarry,177 Sullivan Parkway,8/21/2020
596,Andras,Jerdan,28089 Crescent Oaks Court,5/28/2020
597,Ingram,Skones,841 Clarendon Pass,5/2/2019
598,Dionis,Delacourt,7212 Eliot Center,12/12/2021
599,Rosalinda,Crielly,78 Chive Hill,4/2/2020
600,Nanon,Goodrick,23265 Elka Plaza,11/15/2021
601,Kylie,Pollicatt,8452 High Crossing Junction,1/13/2022
602,Tobi,Jaime,61798 Oakridge Street,1/9/2020
603,Antonina,Huton,69 Bunker Hill Junction,5/20/2020
604,Catlee,Drivers,30694 Shoshone Parkway,6/9/2019
605,Gerianna,Walkowski,72589 Helena Pass,11/10/2021
606,Melamie,Steed,296 Redwing Center,1/10/2021
607,Guglielma,Kingdom,91625 Autumn Leaf Plaza,5/7/2022
608,Ely,O'Cleary,36472 Algoma Drive,2/9/2019
609,Teresina,Uebel,59925 Sunnyside Way,1/29/2021
610,Eloise,Mapston,6381 Old Gate Way,10/24/2019
611,Richart,Grigsby,4781 Arrowood Place,10/11/2021
612,Arv,Petrelli,87633 Hoard Park,7/2/2020
613,Rubie,Skurm,5 Schiller Hill,9/30/2021
614,Delinda,Cyseley,7816 Judy Trail,7/14/2022
615,Burton,Hebbs,7082 Monterey Street,6/1/2021
616,Alejoa,Gorries,58118 Superior Park,3/24/2020
617,Dorelle,Whitlow,3 Bluestem Junction,10/3/2020
618,Alfie,Crolly,92927 Pierstorff Alley,3/19/2020
619,Damien,Ferre,98016 Burrows Street,5/14/2022
620,Winni,Palister,36566 Londonderry Way,11/17/2022
621,Karalee,Richardt,4 La Follette Court,12/28/2018
622,Ritchie,Visick,19339 Swallow Road,4/18/2019
623,Lilian,Ricciardelli,5418 Buena Vista Avenue,5/31/2020
624,Meara,Boother,06 Green Junction,12/24/2019
625,Justen,Tuminelli,3 Daystar Junction,1/28/2022
626,Farrell,Pidgeley,2172 Jana Plaza,12/11/2020
627,Sigismondo,Stanyard,4 Union Drive,3/18/2020
628,Henriette,Carlill,9 Loeprich Street,2/19/2022
629,Lona,Archell,484 Twin Pines Road,7/27/2019
630,Rufus,Jacox,77228 Huxley Center,9/27/2021
631,Floria,Grayland,0 Bonner Trail,7/2/2020
632,Temple,Nazareth,928 Stone Corner Plaza,1/14/2021
633,Grady,Cossar,00 Drewry Circle,5/8/2020
634,Rheba,Bosman,1528 Mayfield Pass,3/21/2022
635,Brynn,Brinkman,16 Texas Way,4/17/2022
636,Mirabella,Narramor,8 Hayes Terrace,8/29/2020
637,Godard,Caw,8 Onsgard Trail,9/19/2021
638,Waneta,Knowlys,6 Fair Oaks Way,6/17/2019
639,Sharia,Fontanet,045 High Crossing Place,8/11/2021
640,Kalil,Sanford,41 Heath Street,11/8/2020
641,Nickola,Maggill'Andreis,66 Annamark Avenue,12/3/2020
642,Lissie,Oty,737 Butterfield Lane,3/24/2021
643,Laurena,Dallander,9577 Oak Place,7/6/2019
644,Gonzalo,Stoner,21021 Sugar Hill,2/17/2020
645,Giffie,Kolodziej,074 Bashford Point,5/21/2022
646,Helsa,MacPaden,58852 Nancy Park,10/12/2019
647,Carlo,Elldred,1698 6th Parkway,3/18/2019
648,Sheffield,Barz,5 Jay Park,9/22/2019
649,Desirae,Wakes,41 Stang Street,11/1/2022
650,Shannon,Bernot,80 Holy Cross Alley,9/16/2022
651,Ruttger,Treverton,67 Del Mar Point,8/12/2020
652,Shawna,Wannop,91 Charing Cross Parkway,2/2/2021
653,Lari,Schneidau,87 Corry Way,9/27/2020
654,Brooks,Cohn,72 Stone Corner Hill,4/27/2019
655,Art,Cayser,54860 Summer Ridge Alley,7/20/2021
656,Nani,Ackerman,530 Duke Street,1/19/2022
657,Coral,Ierland,1 International Alley,7/12/2019
658,Samson,Truse,94719 Green Ridge Trail,9/11/2020
659,Lanni,Goldston,6 Ohio Way,5/24/2020
660,Skip,Ducroe,6213 Trailsway Terrace,6/1/2021
661,Chery,Massenhove,97 Anzinger Hill,5/3/2022
662,Eddie,Pattullo,364 Duke Hill,10/22/2020
663,Abagael,Antonias,0901 Heffernan Place,2/9/2019
664,Augustine,Gatchel,30 Crest Line Lane,1/11/2019
665,Doralyn,McManamon,38 Tomscot Circle,6/24/2022
666,Alvera,Altofts,1 Maple Circle,4/4/2019
667,Gwyn,Boschmann,0227 Westerfield Plaza,1/7/2019
668,Ebenezer,Willbond,63098 Farwell Plaza,4/14/2020
669,Benita,Lamberto,8764 Grover Hill,8/8/2022
670,Tammy,Beaman,61 Jenifer Parkway,1/8/2020
671,Madelina,Mustill,67 Pennsylvania Road,6/28/2019
672,Lorraine,Wedmore,664 Saint Paul Terrace,7/14/2022
673,Bernadene,Crosston,48 Tomscot Place,3/26/2019
674,Zebadiah,Drewett,5 Schiller Parkway,12/27/2019
675,Yard,Seppey,9 Sutteridge Court,2/19/2019
676,Even,Brandolini,5 Banding Street,9/24/2022
677,Berrie,Jackways,82635 Fremont Trail,6/4/2022
678,Geralda,Pauleau,10007 Waxwing Terrace,11/14/2019
679,Hiram,Thomen,05738 Bay Point,6/23/2019
680,Joelle,Fagg,93720 Haas Pass,12/10/2021
681,Frederich,Duham,85698 Ridge Oak Place,8/16/2022
682,Leonhard,Southerill,26393 Bashford Circle,6/8/2021
683,Bride,Simonelli,91 Lakewood Gardens Terrace,6/2/2022
684,Charmain,Schruurs,696 International Place,3/5/2022
685,Ethe,Pavier,91 Bayside Pass,6/22/2022
686,Lamar,Aspinell,5 Dexter Crossing,9/30/2022
687,Aridatha,Aitken,2577 7th Way,7/26/2019
688,Renault,Merrydew,556 Colorado Trail,1/14/2021
689,Niki,Clink,55 Bultman Lane,8/9/2020
690,Bianca,Adlard,6768 Lerdahl Lane,3/6/2022
691,Catherin,Filippucci,714 Glendale Place,6/15/2019
692,Hollyanne,Matejovsky,29758 Merchant Lane,9/21/2021
693,Sharai,Barkway,2749 Burrows Hill,12/25/2018
694,Corri,Windress,43687 Anthes Parkway,9/20/2019
695,Geneva,Ebbetts,9 Homewood Drive,4/6/2021
696,Walker,Alwood,5 Declaration Lane,7/25/2022
697,Chick,Lambswood,8 Merrick Hill,8/7/2021
698,Pavla,Rowter,5125 Granby Road,10/19/2022
699,Silvio,Probyn,8 Scofield Street,10/9/2022
700,Judie,Abrahmer,90409 Bluejay Alley,3/18/2020
701,Travis,Sweed,8 Eggendart Hill,6/16/2020
702,Shelley,Simkin,24 Garrison Parkway,3/12/2020
703,Carlynn,Spurdens,42068 Fair Oaks Center,12/9/2018
704,Sanderson,Bassett,03648 Vidon Court,5/30/2022
705,Celinda,Myrie,409 Kropf Avenue,3/3/2020
706,Max,Van Daalen,506 Gerald Lane,8/22/2019
707,Mirella,Shobbrook,12432 Cardinal Alley,11/8/2019
708,Barthel,Veschambes,378 Everett Point,7/14/2019
709,Madonna,Manske,339 Cherokee Point,9/4/2021
710,Carolan,Cogman,33213 Sundown Plaza,9/28/2020
711,Herbie,Matyasik,98461 Marcy Parkway,5/24/2020
712,Cynthy,Gerant,2907 Redwing Center,5/22/2022
713,Erich,McIlwaine,9027 Meadow Ridge Alley,10/11/2022
714,Logan,Salmen,186 Maywood Place,9/17/2021
715,Luca,Karmel,03 Burrows Terrace,11/18/2022
716,Jdavie,Caraher,1826 Iowa Circle,3/15/2019
717,Larry,Rolland,5760 Dexter Alley,8/9/2020
718,Kikelia,Bradforth,61 Sunfield Trail,9/17/2022
719,Karlyn,Willbraham,94797 Brickson Park Pass,5/31/2021
720,Nevins,Macon,65284 Gulseth Street,7/5/2022
721,Jordan,O'Giany,48 Longview Trail,6/27/2019
722,Meridith,Piddle,4714 Kennedy Street,5/30/2021
723,Dacie,Cargon,632 Fulton Park,1/13/2021
724,Imelda,Piele,01 Marquette Place,7/20/2021
725,Ellis,Pettyfer,45 Pleasure Drive,9/25/2019
726,Ulysses,Grubey,3 Scott Avenue,4/24/2019
727,Wesley,Bramich,3388 Prairie Rose Way,1/22/2022
728,Lura,Langstone,50 Mandrake Circle,7/7/2019
729,Clarke,Bonin,6905 Moland Alley,4/21/2022
730,Anabella,Lidgerton,633 Hauk Alley,1/15/2019
731,Alvie,Wheway,45825 Muir Avenue,11/12/2019
732,Lesya,Turner,38576 Pond Trail,4/25/2021
733,Camel,Clair,4719 Monument Street,9/28/2022
734,Dulcinea,Husby,8 Spenser Street,9/1/2019
735,Tricia,Wakerley,910 Kim Point,12/2/2018
736,Candis,Simone,3 Susan Road,4/23/2021
737,Faulkner,Goodlett,7624 Sachtjen Point,7/29/2022
738,Brana,Netherclift,75966 Holy Cross Way,2/19/2022
739,Cristi,Daviot,8831 Crest Line Avenue,2/18/2021
740,Zena,Crimin,4792 Vidon Hill,1/17/2020
741,Malva,Adolf,5413 Golf Trail,2/15/2022
742,Damara,Furzer,5037 Scofield Center,1/28/2020
743,Josias,Northover,988 Delaware Parkway,8/31/2020
744,Aluino,Valasek,26073 Victoria Junction,3/28/2019
745,Erny,Petruska,8609 Springs Terrace,3/19/2021
746,Faye,Baudinelli,326 Hanson Crossing,11/7/2020
747,Dreddy,Warrington,5350 Parkside Lane,8/3/2021
748,Jourdan,Delagua,7 Vermont Park,3/7/2020
749,Rowena,Meagh,45 Kedzie Crossing,1/10/2020
750,Erhart,Mahomet,546 Gale Alley,4/30/2021
751,Dorrie,Kiffe,8284 Walton Center,5/19/2020
752,Rolfe,Towson,80167 Lindbergh Lane,12/11/2021
753,Amabelle,Grossman,83 Cottonwood Place,12/6/2021
754,Linea,MacNeill,606 Golf Course Court,6/22/2020
755,Ronny,Incogna,61 Homewood Alley,5/20/2021
756,Esma,McCulley,841 Shoshone Drive,4/9/2020
757,Tracie,Giacomazzo,7 Lillian Alley,4/22/2019
758,Alysia,McAuslan,9 Larry Pass,8/31/2020
759,Cobb,Cantillon,45134 Knutson Plaza,2/19/2021
760,Ricki,Bebbington,27 Claremont Circle,2/24/2021
761,Brigit,Withinshaw,89 Hauk Road,5/24/2022
762,Rickard,Goodday,91 Burrows Point,12/20/2018
763,Kendall,Kitchingman,7304 Holmberg Junction,10/14/2021
764,Idette,Vuittet,44326 Dunning Parkway,12/28/2019
765,Kynthia,Petticrow,5893 Ramsey Lane,2/26/2019
766,Chauncey,Duck,6808 Loftsgordon Point,9/14/2021
767,Kiah,Surcombe,4 Forest Park,8/17/2022
768,Fawnia,Corkett,93379 Talisman Road,1/20/2020
769,Romeo,Mathie,23 Debra Trail,5/12/2020
770,Yorgos,Leabeater,83490 Sullivan Plaza,2/12/2019
771,Emmy,Cowe,69 Welch Drive,6/9/2022
772,Myrtia,Boxen,027 Twin Pines Way,6/26/2019
773,Orazio,Charker,2993 American Street,3/7/2019
774,Babbie,Lauritsen,4 Nelson Place,5/13/2021
775,Rorie,Whitmore,01798 Grim Hill,2/28/2021
776,Engelbert,Cosby,73 Oriole Court,8/24/2020
777,Adelind,Vass,102 Granby Pass,9/13/2019
778,Christie,Larway,5 Hansons Court,8/13/2021
779,Kathi,Treffry,8236 Vermont Parkway,8/27/2019
780,Katie,Showen,09731 Basil Point,5/15/2021
781,Anissa,Sayle,4403 Homewood Terrace,10/23/2021
782,Rosana,Brookfield,670 Maywood Point,4/29/2019
783,Washington,Kibbye,9218 Butternut Avenue,7/9/2020
784,Raddy,Berns,8 Maple Wood Parkway,3/5/2019
785,Sven,Scott,067 Magdeline Road,1/1/2020
786,Marylinda,Mongin,80 Westridge Circle,3/28/2021
787,Elberta,Roland,23877 Ilene Way,9/30/2020
788,Mose,McLinden,9818 Thackeray Lane,6/17/2020
789,Valentine,Fullick,73 Mayer Plaza,7/10/2021
790,Sidney,Axcel,404 Dorton Crossing,3/7/2021
791,Reena,Boswood,53 1st Plaza,3/2/2022
792,Vanya,Mc Carrick,06 Steensland Court,10/23/2019
793,Margeaux,Murra,495 Ilene Plaza,9/15/2019
794,Patsy,Ghilardi,95248 Luster Center,4/17/2019
795,Dorita,Poundford,443 Sunnyside Park,9/12/2020
796,Barry,Wardle,7 Johnson Plaza,11/20/2019
797,Randee,Duffet,24342 Sutteridge Alley,6/28/2019
798,Arlin,Beetham,8135 Huxley Park,9/19/2021
799,Jud,Martel,586 Hayes Road,10/21/2019
800,Clarita,Stang-Gjertsen,77532 Texas Road,7/6/2019
801,Goldi,Ivimey,7015 Colorado Lane,4/2/2019
802,Etan,Milward,40900 Crest Line Street,7/17/2022
803,Elmore,MacAlees,2 Arizona Road,5/9/2019
804,Randell,Nairne,7437 Merrick Court,5/21/2021
805,Tynan,Earsman,2 Fremont Place,9/22/2019
806,Giuseppe,Loyndon,0 Sycamore Road,4/17/2020
807,Conny,Cutress,275 Canary Plaza,12/16/2018
808,Livvie,Griffithe,71669 Northridge Street,3/19/2021
809,Jody,Diffley,2598 Scoville Place,9/25/2020
810,Lilli,Bowbrick,3 Hintze Drive,5/21/2020
811,Noble,Cocklin,43622 Boyd Street,9/17/2021
812,Sidnee,deKnevet,9575 Glacier Hill Court,12/10/2018
813,Vi,Farrimond,836 Mendota Trail,5/2/2019
814,Kitty,Wrathall,333 Jana Parkway,4/28/2019
815,Elissa,Govett,614 Mosinee Circle,1/8/2020
816,Aleda,Soppit,2049 Parkside Lane,10/9/2019
817,Whittaker,Vain,652 Hauk Center,9/1/2022
818,Helenelizabeth,Dorkin,62375 Little Fleur Plaza,2/22/2020
819,Stacia,O'Connor,4122 Blackbird Place,6/14/2019
820,Brandie,Cowin,8444 Meadow Vale Crossing,3/11/2022
821,Rosemonde,Ayrton,096 Morning Junction,9/28/2020
822,Aldrich,Burbridge,7 Westport Parkway,12/13/2018
823,Cyndy,Elder,50943 Lakewood Crossing,7/25/2019
824,Baird,Jouannin,3 Vermont Way,7/9/2020
825,Gussy,Chipman,2 Mccormick Court,11/28/2018
826,Humbert,Coucher,59 Blue Bill Park Circle,3/16/2022
827,Chiquia,Torbett,3 Artisan Center,1/14/2019
828,Benedetto,Greatbanks,45 Spaight Trail,3/29/2019
829,Tiffani,Wailes,676 Monument Place,1/20/2020
830,Ariadne,Yoselevitch,5 Ronald Regan Terrace,11/19/2021
831,Robinet,Maskell,97 New Castle Court,9/21/2019
832,Jazmin,Renney,7924 Elka Crossing,6/11/2022
833,Henka,Kingsman,8719 Lukken Street,8/4/2022
834,Alejandro,Gutteridge,68833 Mcguire Road,12/22/2018
835,Damaris,Toombs,8464 Nelson Crossing,8/28/2022
836,Gloriane,O'Hara,2 Chinook Drive,10/17/2019
837,Ricky,Alyutin,187 Mariners Cove Crossing,9/28/2022
838,Anetta,Braisher,6 Warrior Plaza,5/30/2019
839,Rafaelita,Olivas,120 Hanover Street,6/27/2022
840,Silvano,Mulbry,2666 Morning Point,5/20/2022
841,Noemi,Swaisland,48 Butterfield Terrace,5/15/2021
842,Reyna,Klaesson,1965 Rockefeller Trail,1/6/2020
843,Skip,Vaen,19632 Division Drive,1/24/2022
844,Kennedy,Gopsill,98 Bluejay Park,3/21/2022
845,Sunny,Arnauduc,157 Grover Center,3/21/2019
846,Ede,Amner,1276 Becker Crossing,1/5/2020
847,Eberto,Rixon,1 Del Mar Terrace,11/29/2019
848,Gabriela,Petrou,8 Maywood Center,9/12/2021
849,Leeanne,Coils,9 Canary Court,10/10/2022
850,Marcie,Flintoffe,430 Milwaukee Road,2/29/2020
851,Teddie,Mallabon,35529 International Alley,4/13/2019
852,Wilie,Palphramand,287 Kropf Point,2/15/2021
853,Anatol,Hartman,07 Eagle Crest Trail,11/15/2020
854,Carlos,Sneath,7902 Waywood Parkway,11/21/2019
855,Nev,Lodewick,3 Waubesa Street,8/10/2020
856,Fanchon,Halston,6768 Ronald Regan Junction,10/17/2020
857,Rebeka,Archbold,87908 Pepper Wood Hill,12/31/2018
858,Timothy,Kryzhov,37 International Park,4/3/2019
859,Lionello,Bygraves,377 Shopko Hill,7/25/2020
860,Bathsheba,Crossthwaite,3 Rusk Street,11/1/2021
861,Clemens,Whitta,09571 American Ash Street,4/1/2020
862,Niall,Beavington,6 Holmberg Park,2/9/2022
863,Pamelina,Iston,547 Kensington Trail,6/7/2022
864,Norah,Tiron,10 Caliangt Center,4/18/2019
865,Ethyl,Daintree,92784 Burning Wood Alley,12/4/2021
866,Wilt,Thecham,9299 Ludington Street,4/4/2019
867,Nance,MacKaile,25500 Saint Paul Crossing,5/6/2019
868,Binni,Wellbelove,51187 Lillian Drive,10/3/2022
869,Merrie,Lotwich,7538 Maryland Park,6/9/2020
870,Yoshiko,Sarver,051 Hoepker Way,3/30/2021
871,Matti,Speerman,13815 Northland Center,2/26/2019
872,Wynn,Clemont,1 North Street,2/29/2020
873,Kendre,Buckler,982 Oak Avenue,5/17/2022
874,Dniren,Franses,5 Kensington Alley,4/1/2020
875,Elly,Harrinson,2 Thackeray Road,1/26/2022
876,Damien,Brasse,9 Jenna Lane,6/27/2019
877,Elna,Loddon,6 Nobel Lane,7/29/2020
878,Panchito,Dominici,8693 Maple Street,6/8/2022
879,Randy,Claibourn,8 Eagle Crest Plaza,2/16/2022
880,Brittaney,Kennler,3871 Arizona Plaza,4/11/2019
881,Mathe,Lippo,5 Novick Circle,10/27/2021
882,Hillary,Gerrels,2272 Calypso Park,8/9/2019
883,Aurlie,Breslauer,99 Cody Circle,9/2/2021
884,Orelia,Bellison,3018 Lunder Terrace,1/6/2021
885,Dione,Blodget,22 Bonner Trail,1/12/2020
886,Kaleb,Dearnaley,3 Veith Alley,7/21/2021
887,Merilyn,Bigadike,56 Weeping Birch Way,10/9/2021
888,Madeleine,Dunkinson,58 Gateway Point,11/20/2021
889,Odo,Huyghe,11 Talmadge Pass,9/27/2020
890,Westbrook,Skip,296 Muir Junction,1/20/2019
891,Hermia,Bogie,344 Cherokee Trail,11/9/2021
892,Lyell,Woodcock,16533 Grasskamp Street,8/6/2020
893,Jeannette,Arnaldi,20134 Thackeray Crossing,1/4/2021
894,Caitlin,Hawtrey,7353 4th Road,3/30/2019
895,Kendal,Rebichon,796 Scofield Road,10/10/2022
896,Karleen,Brisbane,008 Kropf Way,11/8/2019
897,Elissa,Aslam,445 Briar Crest Drive,12/27/2020
898,Caddric,Josefson,0073 Dexter Parkway,10/11/2021
899,Robers,Vanyushin,0 Lakewood Gardens Junction,4/18/2020
900,Elianore,Scoles,9886 Commercial Junction,6/26/2022
901,Lucien,Broscombe,98 Nova Street,6/24/2022
902,Tatiania,Peyzer,3 Alpine Road,11/16/2021
903,Katherina,Dessaur,0 Center Point,1/11/2022
904,Glen,Oiseau,10 Mendota Junction,5/22/2022
905,Bayard,Pasque,0 Delaware Alley,10/26/2022
906,Eldon,Cabera,39613 Bobwhite Park,9/30/2020
907,Sarine,Blainey,8094 Holy Cross Circle,6/15/2021
908,Mallissa,Folini,95 Surrey Alley,9/20/2022
909,Terrance,Breckon,400 Pankratz Point,1/3/2020
910,Gisele,Ellerman,35 Twin Pines Terrace,1/24/2020
911,Courtenay,Bach,6 Rusk Court,2/24/2021
912,Sharleen,Girardin,1061 Goodland Lane,1/24/2022
913,Ragnar,Franzelini,3 Michigan Place,10/20/2021
914,Fanchette,Winborn,2684 Bluestem Terrace,3/29/2022
915,Maggi,Merit,0 Clarendon Junction,4/21/2020
916,Nichole,Doughill,30 Beilfuss Trail,10/21/2021
917,Mignonne,Hexam,54314 Garrison Avenue,2/22/2019
918,Lu,Brigdale,3698 Dorton Lane,10/9/2019
919,Liana,Blinman,6 Golf Course Junction,7/21/2020
920,Lilah,Chesser,6914 Hanover Avenue,1/12/2019
921,Kori,Doxey,2238 Coolidge Pass,6/30/2021
922,Roddy,Crowcroft,02095 American Pass,11/28/2018
923,Toinette,Hedgecock,4 Westridge Point,8/5/2022
924,Whitby,Yekel,1651 Lake View Street,7/15/2019
925,Yardley,Brierly,7516 Moulton Road,8/4/2021
926,Hilton,Lamboll,90 Reindahl Junction,6/29/2020
927,Geoff,Lineen,8310 Annamark Way,10/28/2021
928,Pasquale,Cramer,2 Fremont Circle,8/23/2020
929,Terrye,Winchurch,093 Mcguire Way,11/29/2022
930,Frazer,Alti,18 Cardinal Avenue,8/30/2020
931,Ruthi,Witterick,92 Moulton Place,12/23/2020
932,Laure,Brannigan,69986 Lakewood Court,3/21/2019
933,Loretta,Delouch,211 Esch Lane,2/22/2022
934,Deborah,Caplen,408 Summer Ridge Court,3/18/2021
935,Clementina,Schukraft,78236 Dennis Drive,1/20/2020
936,Egor,Doncom,59 Ramsey Avenue,7/4/2019
937,Tedmund,Sawden,4627 Fieldstone Avenue,12/20/2018
938,Magdalena,Lotze,50644 Hansons Plaza,9/12/2021
939,Pooh,Gisby,45343 Continental Point,3/6/2022
940,Ric,Wing,5 Monterey Road,4/20/2021
941,Kellen,Kearns,7 Esch Road,9/14/2021
942,Nannie,Kollasch,284 Stoughton Trail,10/28/2022
943,Sacha,Boerder,0257 Shasta Plaza,7/11/2019
944,Gayla,McGilvary,76 Gateway Drive,11/25/2019
945,Anselm,Mowlam,92 Gateway Circle,4/12/2022
946,Wayne,Lalevee,6 Lotheville Place,4/5/2019
947,Kort,Ellicock,2 Almo Lane,5/11/2019
948,Sim,Loxdale,539 Myrtle Drive,9/17/2019
949,Aron,Hopfner,25 Banding Center,5/17/2019
950,Myrvyn,Theseira,31279 Darwin Lane,2/16/2020
951,Aggy,Pickhaver,85 Fordem Junction,2/23/2020
952,Patrica,Camerati,85644 Morningstar Junction,7/9/2019
953,Brigitta,Gorgler,104 Namekagon Park,4/10/2022
954,Nye,Everiss,5918 Sherman Terrace,11/18/2020
955,Katlin,Shirrell,3 3rd Parkway,8/31/2019
956,Lida,Collings,1384 Old Shore Crossing,2/2/2019
957,Georgianne,Askell,076 Sage Place,9/11/2021
958,Bronnie,Clogg,2 Meadow Ridge Lane,9/20/2022
959,Joseph,Crickett,59439 New Castle Point,1/16/2020
960,Frants,Gadaud,3455 Brickson Park Park,1/10/2019
961,Martainn,Doone,03377 Redwing Park,4/2/2021
962,Shawna,Pitkethly,5138 Saint Paul Parkway,4/7/2021
963,Carla,McAlister,5 Montana Court,10/29/2020
964,Judah,Pendlebery,1655 Fordem Drive,12/27/2020
965,Skipp,Beckham,24 Vera Park,10/5/2020
966,Hattie,Fortesquieu,477 Prentice Circle,8/29/2019
967,Sacha,Peeke,84212 Bay Street,11/2/2020
968,Candide,Sharpless,170 Tomscot Crossing,7/1/2021
969,Dorine,O'Halligan,10 Loomis Court,2/28/2020
970,Noelyn,Amar,016 Linden Pass,12/6/2021
971,Myrilla,Copin,261 Meadow Vale Lane,12/31/2020
972,Barbabas,Geekin,4 Mariners Cove Trail,1/29/2022
973,Jorge,Duiguid,8 Anderson Parkway,9/21/2021
974,Monika,Meyer,0 Ohio Alley,6/12/2019
975,Dotti,Kurten,549 Cascade Park,11/3/2019
976,Silas,Ormston,523 Pankratz Court,12/22/2021
977,Torie,Genney,6656 Shasta Crossing,2/3/2021
978,Cullin,Sushams,68 Mayfield Avenue,9/18/2019
979,Edward,Gridon,7 Ramsey Court,8/6/2022
980,Shandee,Fronek,2 Magdeline Road,7/28/2021
981,Federico,Kirwood,18968 Prairieview Pass,1/25/2020
982,Aaron,Smead,547 Scott Lane,8/19/2020
983,Gael,Abley,873 Division Circle,9/14/2021
984,Harli,Hawkswood,621 Monument Crossing,7/22/2020
985,Hailey,Dongall,27 Tennessee Pass,8/3/2019
986,Hagan,Duro,95 Fair Oaks Plaza,9/26/2021
987,Iorgos,Poltone,4915 Doe Crossing Junction,4/30/2020
988,Hildagard,Hurn,7079 Swallow Road,4/20/2022
989,Salvatore,Cassidy,57061 Butternut Crossing,7/30/2019
990,Mathilde,Gibson,97111 Kipling Parkway,5/10/2021
991,Tandi,Gabey,4 Doe Crossing Way,12/24/2018
992,Allie,Brannon,6 Manitowish Hill,11/11/2021
993,Courtnay,Van der Son,2 Di Loreto Lane,11/5/2021
994,Gianina,Linbohm,21934 Lyons Point,10/20/2019
995,Elva,Stanfield,8 Briar Crest Crossing,7/2/2021
996,Edsel,Voaden,244 Dennis Junction,6/30/2022
997,Franky,Labram,48 Mesta Crossing,10/22/2019
998,Kimble,Gordon,2 Prairie Rose Way,8/14/2022
999,Berti,Maypole,517 Bobwhite Circle,4/29/2022
1000,Coral,Treasure,08963 3rd Avenue,3/22/2020
